Date,Open,High,Low,Close,Volume,Dividends,Stock Splits,sma_20,ema_20,rsi_14,macd,macd_signal,macd_diff,bb_high,bb_low,bb_mid,news_count,avg_bearish,avg_bullish,avg_neutral,net_sentiment
2025-08-12,227.1708458950812,229.9505863295972,226.2343181614284,228.8048095703125,55626200,0.0,0.0,,,,,,,,,,0,,,,
2025-08-13,230.2195756343437,234.1351043372746,229.5819165003467,232.47125244140625,69878500,0.0,0.0,,,,,,,,,,0,,,,
2025-08-14,233.1985666998313,234.25466305951576,230.0003892485326,231.9232788085937,51916300,0.0,0.0,,,,,,,,,,0,,,,
2025-08-15,233.1387895567921,233.417757832359,228.4959365092947,230.73765563964844,56038700,0.0,0.0,,,,,,,,,,0,,,,
2025-08-18,230.8472538899505,232.26202593201924,229.26310933608104,230.0402374267578,37476200,0.0,0.0,,,,,,,,,,0,,,,
2025-08-19,230.4287923573085,232.01293684851592,228.50590285589897,229.71144104003903,39402600,0.0,0.0,,,,,,,,,,0,,,,
2025-08-20,229.13358225147155,229.6217843388592,224.939085159242,225.17819213867188,42263900,0.0,0.0,,,,,,,,,,0,,,,
2025-08-21,225.43723377620464,225.6863136691638,222.95639256938463,224.072265625,30621200,0.0,0.0,,,,,,,,,,0,,,,
2025-08-22,225.3376083702921,228.2468598588307,224.58041092619504,226.9217529296875,42477800,0.0,0.0,,,,,,,,,,0,,,,
2025-08-25,225.6464693442017,228.456098045362,225.3973894325087,226.323974609375,30983100,0.0,0.0,,,,,,,,,,0,,,,
2025-08-26,226.0350268937484,228.6453946309622,223.86305742355088,228.466049194336,54575100,0.0,0.0,,,,,,,,,,0,,,,
2025-08-27,227.7686378094015,230.050203138926,227.41991984776428,229.6417236328125,31259500,0.0,0.0,,,,,,,,,,0,,,,
2025-08-28,229.9704999102399,232.55096405412047,228.4959359400532,231.7040863037109,38074700,0.0,0.0,,,,,,,,,,0,,,,
2025-08-29,231.6542626563304,232.52107103838583,230.5184589305688,231.2856292724609,39418400,0.0,0.0,,,59.101155792027534,,,,,,,0,,,,
2025-09-02,228.4062708029861,230.00038826150748,226.1346633063032,228.87454223632807,44075600,0.0,0.0,,,49.70482824720947,,,,,,,0,,,,
2025-09-03,236.33698891571112,237.9709525201245,233.49747185558653,237.59234619140625,66427800,0.0,0.0,,,68.93580029556045,,,,,,,0,,,,
2025-09-04,237.5723846793371,239.0170449317188,235.8686868266909,238.89749145507807,47549400,0.0,0.0,,,70.73961300840585,,,,,,,0,,,,
2025-09-05,239.1167027112504,240.43185187342493,237.61226559630572,238.807846069336,54870400,0.0,0.0,,,70.43707055009892,,,,,,,0,,,,
2025-09-08,238.41928864081729,239.2661511981365,235.4701758698508,237.0045166015625,48999500,0.0,0.0,,,64.46431366594958,,,,,,,0,,,,
2025-09-09,236.1277593274596,237.901207105354,232.5011563745861,233.48751831054688,66313900,0.0,0.0,231.09733047485352,232.1235255531483,54.7190448912987,,,,239.5006105546873,222.6940503950197,231.09733047485352,0,,,,
2025-09-10,231.3354573908009,231.56460664903227,225.118417424808,225.955322265625,83440800,0.0,0.0,230.95485610961916,231.53607762100324,40.57274185200081,,,,239.6018694429233,222.307842776315,230.95485610961916,0,,,,
2025-09-11,226.04500979013488,229.60186307827533,225.81584532196928,229.18341064453125,50208600,0.0,0.0,230.79046401977536,231.3120140994345,46.90770942500637,,,,239.44092370638572,222.14000433316505,230.79046401977536,0,,,,
2025-09-12,228.3764005514914,233.6469250222829,228.17713965402348,233.20855712890625,55824200,0.0,0.0,230.854727935791,231.49263724509845,53.55599040523044,,,,239.5568377014626,222.1526181701194,230.854727935791,0,,,,
2025-09-15,236.12775635652343,237.31337916896248,234.16500543557729,235.828857421875,42699500,0.0,0.0,231.1092880249024,231.9056105952677,57.30414644208905,,,,240.07662668597035,222.1419493638344,231.1092880249024,0,,,,
2025-09-16,236.3070825366736,240.3322223551857,235.45026224943368,237.2735137939453,63421100,0.0,0.0,231.47095184326173,232.4168394713322,59.25643992998789,,,,240.81230730284636,222.12959638367715,231.47095184326173,0,,,,
2025-09-17,238.09051246512183,239.21635855568803,236.8550706028844,238.1104431152344,46508000,0.0,0.0,231.8909019470215,232.9590874374181,60.38652530074856,1.698238793666718,,,241.6250111862128,222.15679270783025,231.8909019470215,0,,,,
2025-09-18,239.08682096339743,240.31228984200703,235.77903252032195,237.0045166015625,44249600,0.0,0.0,232.482218170166,233.34436640543183,58.09353481942904,1.8064460275840304,,,241.9464656072472,223.01797073308484,232.482218170166,0,,,,
2025-09-19,240.3421770415445,245.3935247988757,239.32594197772087,244.59646606445312,163741300,0.0,0.0,233.50842819213867,234.41599494438623,67.27898919505398,2.476263093617831,,,243.53664296646255,223.48021341781475,233.50842819213867,0,,,,
2025-09-22,247.38616206443075,255.6954791611581,247.2068166293636,255.13751220703125,105517400,0.0,0.0,234.91921615600583,236.38947277892387,75.35593333164499,3.8137101955466335,,,248.24176837793607,221.59666393407565,234.91921615600583,0,,,,
2025-09-23,254.93828225227924,256.3929004583055,252.64674396870493,253.4936065673828,60275200,0.0,0.0,236.27769775390624,238.01843790163423,72.3562575409101,4.686968754914375,,,251.25549696075188,221.2998985470606,236.27769775390624,0,,,,
2025-09-24,254.2807025242173,254.7987929994329,250.11607847800005,251.38140869140625,42303700,0.0,0.0,237.42346572875977,239.29110178637444,68.57888611070048,5.149238522091366,,,253.31382060978277,221.5331108477368,237.42346572875977,0,,,,
2025-09-25,252.27808820484515,256.22352044118514,250.7836088309123,255.9246063232422,55202100,0.0,0.0,238.73760986328125,240.87524507559996,71.9686491059857,5.815155233136153,,,256.11411174569287,221.3611079808696,238.73760986328125,0,,,,
2025-09-26,253.1648258525147,256.6519445821492,252.84599627139943,254.5198211669922,46076300,0.0,0.0,239.8783966064453,242.1747285128754,69.4729264892092,6.158552641198185,,,258.2266605049816,221.53013270790905,239.8783966064453,0,,,,
2025-09-29,253.6231329894407,254.0615160770536,252.07883445903423,253.4936065673828,40127700,0.0,0.0,240.9887954711914,243.25271689901896,67.62794456916674,6.275549985537793,4.63650463706551,1.6390453484722831,259.8046001018708,222.172990840512,240.9887954711914,0,,,,
2025-09-30,253.9220203508673,254.9781167214257,252.17846100632588,253.69287109375,37704300,0.0,0.0,242.2297119140625,244.2470172985172,67.80672425765403,6.311594078100541,4.971522525272516,1.3400715528280245,260.95943937134825,223.4999844567768,242.2297119140625,0,,,,
2025-10-01,254.10134722927504,257.83756097799323,253.9917514638179,254.5098419189453,48713900,0.0,0.0,243.07558670043943,245.2244291671294,68.57304648726284,6.333078215558714,5.243833663329756,1.0892445522289584,262.4094937144272,223.74167968645185,243.07558670043943,0,,,,
2025-10-02,255.6356607808825,257.229778167004,253.2146115335708,256.18365478515625,42630200,0.0,0.0,243.93989486694332,246.2681649402748,70.14125168833235,6.411262218956637,5.477319374455133,0.9339428445015034,263.9819716007958,223.89781813309085,243.93989486694332,0,,,,
2025-10-03,253.73271197999827,258.2858846694617,253.01536064819075,257.07037353515625,49155600,0.0,0.0,244.8530212402344,247.29694671121587,70.96775555933567,6.470190073824455,5.6758935143289975,0.7942965594954572,265.5306407780416,224.1754017024272,244.8530212402344,0,,,,
2025-10-06,257.0405037108186,258.1165459888059,254.11133663097664,255.74530029296875,44664100,0.0,0.0,245.7900604248047,248.10155181423997,67.94122313685139,6.336920412890265,5.808098894041251,0.5288215188490142,266.6577465350686,224.9223743145408,245.7900604248047,0,,,,
2025-10-07,255.86484387966763,256.45266881763376,254.48991791397023,255.5360717773437,31955800,0.0,0.0,246.89248809814453,248.80960133453556,67.45206958325913,6.143600649796326,5.875199245192267,0.2684014046040595,267.3699238619033,226.41505233438576,246.89248809814453,0,,,,
2025-10-08,255.5758888188916,257.5685279874928,255.16739414069707,257.1102294921875,36496900,0.0,0.0,248.45023345947263,249.60013734955,69.24607774886047,6.047700588729725,5.909699513899759,0.1380010748299662,266.96580955732423,229.93465736162108,248.45023345947263,0,,,,
2025-10-09,256.86113993459566,257.0504430809132,252.2083294752373,253.10501098632807,38322000,0.0,0.0,249.6463134765625,249.93393483876696,60.160089594298725,5.584140938267296,5.844587798773267,-0.2604468605059704,265.9924269930728,233.30019996005225,249.6463134765625,0,,,,
2025-10-10,254.00171816056968,255.436420799504,243.10197943699816,244.3673095703125,61999100,0.0,0.0,250.2042510986328,249.40378005129512,45.98442530388243,4.46029162978104,5.567728564974822,-1.1074369351937827,264.95158506900225,235.4569171282634,250.2042510986328,0,,,,
2025-10-13,248.46219085423505,248.7710475029622,244.6562426215344,246.7485198974609,38142900,0.0,0.0,250.7502342224121,249.15089813188231,49.478230897359154,3.7189074782349394,5.197964347626845,-1.479056869391906,264.0674973009279,237.43297114389625,250.7502342224121,0,,,,
2025-10-14,245.6924164271232,247.93413549962372,243.79940008876653,246.8581085205078,35478000,0.0,0.0,251.22946395874024,248.9325372165133,49.6396744329099,3.104412349622976,4.779253948026072,-1.6748415984030958,263.1934173662118,239.26551055126868,251.22946395874024,0,,,,
2025-10-15,248.5717898296712,250.8932163906544,246.559219921403,248.42233276367188,33893600,0.0,0.0,251.7450584411621,248.8839463162427,51.997564788396936,2.712373799884517,4.365877918397761,-1.6535041185132435,262.1962347379113,241.2938821444129,251.7450584411621,0,,,,
2025-10-16,247.33633482463924,248.1234206007849,244.2278226113223,246.53927612304688,39777000,0.0,0.0,252.22179641723636,248.6606443930812,49.02196288357533,2.2240955026904885,3.9375214352563055,-1.713425932565818,260.6051900473917,243.83840278708092,252.22179641723636,0,,,,
2025-10-17,247.10719170360767,252.4474653732209,246.35995200283696,251.3614654541016,49147000,0.0,0.0,252.56004638671877,248.91786544651168,55.97060713900681,2.2008715355406423,3.5901914553131737,-1.3893199197725314,260.1982750993275,244.92181767411,252.56004638671877,0,,,,
2025-10-20,254.94822099113512,263.4069798400544,254.68918336894043,261.2748413085937,90483000,0.0,0.0,252.86691284179688,250.0947202905195,66.17733960886522,2.948405572057481,3.461834278662036,-0.5134287066045542,261.34197826196936,244.3918474216244,252.86691284179688,0,,,,
2025-10-21,260.9161783410852,264.3136317818121,260.86634411857244,261.8028869628906,46695900,0.0,0.0,253.28237686157223,251.20978378312623,66.62120297182665,3.5426036235509457,3.477988147639818,0.0646154759111277,262.6112605119736,243.9534932111709,253.28237686157223,0,,,,
2025-10-22,261.68336485657886,261.882640960004,254.48993535873984,257.49884033203125,45015300,0.0,0.0,253.5882484436035,251.80874154968865,59.739537333261374,3.624429105039411,3.507276339119737,0.1171527659196742,263.04799565516754,244.12850123203944,253.5882484436035,0,,,,
2025-10-23,258.98332466328685,259.6608147081683,257.0604350924048,258.6246337890625,32754900,0.0,0.0,253.7232498168945,252.45787414391472,60.87787210329747,3.737040238332924,3.553229118962374,0.1838111193705494,263.3873709701486,244.05912866364045,253.7232498168945,0,,,,
2025-10-24,260.2287163700197,263.15789839957887,258.22610426270086,261.85272216796875,38253700,0.0,0.0,254.08989486694333,253.352621574777,64.01933413882062,4.0401923047482455,3.650621756119549,0.3895705486286971,264.3830130656278,243.79677666825893,254.08989486694333,0,,,,
2025-10-27,263.9051197703755,268.1295048126629,263.6759553344934,267.8206481933594,44888200,0.0,0.0,254.80624694824215,254.73052887178483,68.97875799890068,4.707736400919629,3.8620446850795647,0.8456917158400641,266.7029375161901,242.90955638029425,254.80624694824215,0,,,,
2025-10-28,267.9999758056659,268.896687690681,267.16307106420925,268.00994873046875,41534800,0.0,0.0,255.52210083007813,255.9952355249928,69.12413451917499,5.192192514545042,4.12807425097266,1.0641182635723814,268.71683789987475,242.32736376028157,255.52210083007813,0,,,,
2025-10-29,268.28892986747474,270.4110953948544,266.1269030442272,268.7073974609375,51086700,0.0,0.0,256.2319786071777,257.2059176141304,69.68776971507955,5.568218798425221,4.416103160463172,1.1521156379620487,270.607334475312,241.8566227390435,256.2319786071777,0,,,,
2025-10-30,270.98894793982623,273.1310593223432,267.49188695276854,270.401123046875,69886500,0.0,0.0,256.9428520202637,258.46260384582035,71.06897499101588,5.93448281346673,4.719779091063884,1.214703722402846,272.5883611551566,241.2973428853708,256.9428520202637,0,,,,
2025-10-31,275.97053891965146,276.29934139392066,268.1693703205502,269.3749084472656,86167100,0.0,0.0,257.55807876586914,259.5018709507199,69.01698084170906,6.07194909293537,4.990213091438181,1.0817360014971884,274.1163363236396,240.99982120809867,257.55807876586914,0,,,,
2025-11-03,269.42476736726525,269.8531775103368,265.2701011373342,268.0597839355469,50194600,0.0,0.0,258.17380294799807,260.3169102826081,66.37216511808754,6.005544375425416,5.193279348235628,0.8122650271897873,275.3219619573913,241.02564393860484,258.17380294799807,0,,,,
2025-11-04,267.3424445625432,270.49081837885313,266.6350661079627,269.0461730957031,49274800,0.0,0.0,258.849308013916,261.14826864576,67.38180272335995,5.963764949976564,5.347376468583816,0.6163884813927485,276.5830129402737,241.11560308755836,258.849308013916,0,,,,
2025-11-05,267.6213843438783,270.7000385630725,265.94757476828966,269.1457824707031,43683100,0.0,0.0,259.4510856628418,261.90993662908795,67.48795943263039,5.871014695565293,5.452104113980112,0.4189105815851812,277.7167458887149,241.18542543696876,259.4510856628418,0,,,,
2025-11-06,266.90407480138714,272.3937751745226,266.90407480138714,268.7771301269531,51204000,0.0,0.0,260.23469161987305,262.56395505745604,66.62375190230094,5.702032802772237,5.502089851738537,0.1999429510336998,278.68783982316893,241.7815434165772,260.23469161987305,0,,,,
2025-11-07,268.80702532983145,271.2878818962731,265.7881780523408,267.48193359375,48227400,0.0,0.0,261.3904228210449,263.0323339656745,63.54498784670679,5.401338629954978,5.481939607381825,-0.0806009774268474,278.57546168627863,244.2053839558112,261.3904228210449,0,,,,
2025-11-10,268.2298525605972,272.98692304032335,266.733924572705,268.6985778808594,41312400,0.26,0.0,262.48792572021483,263.5719762433112,65.17306580945714,5.20125255586521,5.425802197078503,-0.2245496412132928,278.5600217930913,246.4158296473383,262.48792572021483,0,,,,
2025-11-11,269.07757258136417,275.16101963639426,269.0675899882029,274.5028076171875,46208300,0.0,0.0,263.87016067504885,264.613007802728,71.67269846529585,5.448231906346791,5.430288138932161,0.0179437674146303,279.0584199089012,248.6819014411965,263.87016067504885,0,,,,
2025-11-12,274.2535373864602,274.9815668240292,270.96250711171905,272.7276916503906,48398000,0.0,0.0,265.08542861938474,265.3858348358387,67.52231962677281,5.438041441066844,5.431838799359098,0.0062026417077456,278.96850491423027,251.2023523245392,265.08542861938474,0,,,,
2025-11-13,273.3658696206449,275.9488654308047,271.3513641926929,272.20904541015625,49602800,0.0,0.0,266.36891708374026,266.03566441434515,66.31403670673602,5.326711986813791,5.410813436850036,-0.0841014500362451,277.6608463081392,255.07698785934133,266.36891708374026,0,,,,
2025-11-14,270.3142081927936,275.21088338895913,268.8681625557137,271.6705322265625,47431300,0.0,0.0,267.3843704223633,266.5723184916992,65.01317112765042,5.13582646827399,5.355816043134827,-0.2199895748608371,276.5473277734854,258.2214130712412,267.3843704223633,0,,,,
2025-11-17,268.0902717401977,269.7557213346742,265.00866346949266,266.73394775390625,45018300,0.0,0.0,267.6573257446289,266.58771175476653,54.46536188559503,4.533942739767099,5.191441382461282,-0.6574986426941836,276.39123149851696,258.92341999074085,267.6573257446289,0,,,,
2025-11-18,269.25705465795,269.97510130800674,264.59974924229334,266.7139892578125,45677300,0.0,0.0,267.902880859375,266.59973818362806,54.42691505361126,4.009120420140107,4.954977189997048,-0.9458567698569408,276.2313264836157,259.5744352351343,267.902880859375,0,,,,
2025-11-19,264.80921977983166,271.47107967039307,264.77930243197466,267.8309936523437,40424500,0.0,0.0,268.41948852539065,266.71700060922,56.286711432549644,3.6413526237551537,4.692252276748669,-1.0508996529935155,275.2494002589911,261.5895767917902,268.41948852539065,0,,,,
2025-11-20,270.0948061865016,274.68232536305425,265.1981613886433,265.5272521972656,45823600,0.0,0.0,268.7646194458008,266.60369123665294,51.608876293504096,3.127944318219363,4.379390685042808,-1.251446366823445,274.1177870327788,263.41145185882283,268.7646194458008,0,,,,
2025-11-21,265.2280517805383,272.5879921198442,264.9488130991126,270.75299072265625,59030800,0.0,0.0,269.2096328735352,266.9988626162723,59.77527753224816,3.1069232852157143,4.1248972050773896,-1.0179739198616753,273.5800006706296,264.8392650764407,269.2096328735352,0,,,,
2025-11-24,270.164627965921,276.24807542504453,270.164627965921,275.1710205078125,65585800,0.0,0.0,269.5771514892578,267.77716336784755,65.13262598498235,3.4074827062057693,3.9814143053030655,-0.5739315990972962,274.6052334065638,264.5490695719518,269.5771514892578,0,,,,
2025-11-25,274.52274228722064,279.6188865292943,274.5028075356392,276.2181396484375,46914200,0.0,0.0,269.98756103515626,268.5810658707609,66.27895683849383,3.6876628939121474,3.922664023024882,-0.2350011291127347,275.72665361450385,264.2484684558087,269.98756103515626,0,,,,
2025-11-26,276.2082055022192,278.7712367451818,275.8791146523587,276.7966003417969,33431400,0.0,0.0,270.3920211791992,269.3634977251453,66.92586360415856,3.9112976502017887,3.920390748460264,-0.0090930982584747,276.8128989309065,263.97114342749194,270.3920211791992,0,,,,
2025-11-28,276.50736791500816,278.242634823177,275.2407959413455,278.0930480957031,20135600,0.0,0.0,270.7766174316406,270.19488347472225,68.38951515908117,4.145357207148265,3.965384040197864,0.1799731669504014,278.02210986057503,263.5311250027062,270.7766174316406,0,,,,
2025-12-01,277.2553332443013,282.65065109438723,275.3904143522869,282.3315124511719,46587700,0.0,0.0,271.424447631836,271.3507529010508,72.6507273864735,4.6196077806093285,4.096228788280157,0.5233789923291718,280.20673587760126,262.64215938607066,271.424447631836,0,,,,
2025-12-02,282.231773534172,286.619823290159,281.86278279875575,285.4131164550781,53669500,0.0,0.0,272.2921142578125,272.69002562048195,75.26182247095973,5.1843524777282255,4.313853526169771,0.8704989515584547,282.8272736808026,261.7569548348224,272.2921142578125,0,,,,
2025-12-03,285.4231155973949,287.8365294074879,282.5309633672564,283.378662109375,43538700,0.0,0.0,273.0087387084961,273.7079910003765,70.47788420325917,5.405442677491976,4.532171356434212,0.8732713210577643,284.4721790080732,261.545298408919,273.0087387084961,0,,,,
2025-12-04,283.3287830094401,283.95707766942763,277.8337308175164,279.9380187988281,43989100,0.0,0.0,273.54835052490233,274.30132698118143,63.16537686863269,5.242593735981302,4.67425583234363,0.5683379036376719,285.2472495409372,261.8494515088675,273.54835052490233,0,,,,
2025-12-05,279.77845592816414,280.37683325787106,277.2951945750906,278.0232238769531,47265800,0.0,0.0,274.0106552124024,274.6557933522073,59.46743594443598,4.902513702728186,4.719907406420541,0.1826062963076449,285.6494405947891,262.3718698300156,274.0106552124024,0,,,,
2025-12-08,277.374989388386,278.9108174051644,275.4003533668138,277.1356506347656,38211800,0.0,0.0,274.49334106445315,274.8919702362605,57.77887561926732,4.509396566725911,4.677805238481615,-0.1684086717557038,285.80517825977057,263.1815038691357,274.49334106445315,0,,,,
2025-12-09,277.40493251311347,279.2698514894354,276.16830825817004,276.4275817871094,32193300,0.0,0.0,274.8797912597656,275.0382189553889,56.40294938397699,4.093525551335915,4.560949301052475,-0.4674237497165601,285.8976262142105,263.86195630532075,274.8797912597656,0,,,,
2025-12-10,276.9960211276047,278.9905919368044,275.68957968235776,278.0232238769531,33038300,0.0,0.0,275.0558120727539,275.32250513839506,58.78487070285385,3.848338505974141,4.418427142036808,-0.5700886360626676,286.1561077520308,263.955516393477,275.0558120727539,0,,,,
2025-12-11,278.34237127554803,278.8310314000742,273.0667227973629,277.2752685546875,33248000,0.0,0.0,275.28319091796874,275.50848260661337,57.20709574536159,3.5527187324076976,4.245285460110987,-0.692566727703289,286.36971102507187,264.1966708108656,275.28319091796874,0,,,,
2025-12-12,277.14559334691864,278.4620173164318,276.06853855760204,277.5245666503906,39532900,0.0,0.0,275.5489669799805,275.7004906107826,57.61542948464363,3.3005080031179546,4.05632996871238,-0.7558219655944258,286.58269070947387,264.5152432504871,275.5489669799805,0,,,,
2025-12-15,279.3894873363706,279.3894873363706,272.0993337942639,273.3658752441406,50409100,0.0,0.0,275.6337341308593,275.47814629015,49.18418968410885,2.7335469149636538,3.791773357962635,-1.0582264429989814,286.57261177609456,264.69485648562414,275.6337341308593,0,,,,
2025-12-16,272.07941349564567,274.752131096348,271.0522107383373,273.8645324707031,37648600,0.0,0.0,275.9902633666992,275.324468783536,50.12662489382038,2.2979740244834943,3.493013491266807,-1.1950394667833129,286.18513301496705,265.79539371843134,275.9902633666992,0,,,,
2025-12-17,274.2634587890498,275.41033087528734,270.9026119684932,271.10205078125,50138700,0.0,0.0,276.2096664428711,274.9223337356992,45.13286636622127,1.7101565649830377,3.136442106010054,-1.426285541027016,285.7653918728584,266.65394101288376,276.2096664428711,0,,,,
2025-12-18,272.8672697170699,272.88723490520505,266.22537510199504,271.4511413574219,51630700,0.0,0.0,276.390673828125,274.5917439853871,45.86678230108415,1.2579745379467226,2.760748592397388,-1.502774054450665,285.42777040008133,267.35357725616865,276.390673828125,0,,,,
2025-12-19,271.4112306527045,273.8545921928022,269.1673383776201,272.9271240234375,144632000,0.0,0.0,276.7606674194336,274.4332087509157,48.97455104805172,1.007107184846063,2.410020310887123,-1.4029131260410597,284.50133812450645,269.0199967143608,276.7606674194336,0,,,,
2025-12-22,272.1192896847017,273.13654030849926,269.7756932559407,270.23443603515625,36571800,0.0,0.0,276.73473968505857,274.0333256351291,44.01055777411981,0.5842803628690376,2.0448723212835063,-1.4605919584144686,284.55875382949614,268.910725540621,276.73473968505857,0,,,,
2025-12-23,270.1048034873943,271.7603010837797,268.8282792538215,271.62066650390625,29642000,0.0,0.0,276.5572219848633,273.8035485750126,46.98946513541696,0.3569298091078963,1.7072838188483843,-1.350354009740488,284.6708434059186,268.443600563808,276.5572219848633,0,,,,
2025-12-24,271.60070067851706,274.6823088952694,271.46109654935304,273.06671142578125,17910600,0.0,0.0,276.39965057373047,273.7333736084192,49.97919897204921,0.2900925905659051,1.4238455731918884,-1.1337529826259831,284.6546657155833,268.14463543187765,276.39965057373047,0,,,,
2025-12-26,273.4158142002898,274.6225212124231,272.1193247047194,272.6578674316406,21521800,0.0,0.0,276.19271392822264,273.6309444487259,49.13542604310471,0.2018070142204351,1.1794378613975978,-0.9776308471771626,284.603579417815,267.7818484386303,276.19271392822264,0,,,,
2025-12-29,271.9497734782625,273.6152231466168,271.6107000753325,273.0168762207031,23715200,0.0,0.0,275.9389053344727,273.5724617603428,49.93471738794705,0.1589764858496778,0.9753455862880138,-0.816369100438336,284.4112083339087,267.46660233503667,275.9389053344727,0,,,,
2025-12-30,272.06942798009953,273.3359694836473,271.54086793463244,272.33868408203125,22139600,0.0,0.0,275.43926391601565,273.4549591243131,48.38783172427805,0.0695073088463118,0.7941779307996735,-0.7246706219533616,283.5139518598134,267.3645759722179,275.43926391601565,0,,,,
2025-12-31,272.3187639976345,272.9370761103812,271.0123224859311,271.1220092773437,27293600,0.0,0.0,274.7247085571289,273.23277342460176,45.65537092317686,-0.098438410363201,0.6156546625670987,-0.7140930729302997,281.57966432466617,267.86975278959164,274.7247085571289,0,,,,
2026-01-02,271.52095990203577,277.0857995993762,268.2697994337228,270.2743530273437,37838100,0.0,0.0,274.06949310302736,272.95101910105336,43.79962666789056,-0.2965173110503087,0.4332202678436171,-0.729737578893926,279.92236759861754,268.2166186074372,274.06949310302736,0,,,,
2026-01-05,269.9053759278346,270.7730094869922,265.41759095171795,266.5345458984375,45647200,0.0,0.0,273.3993194580078,272.33992641509,36.709981016595655,-0.7466604109196169,0.1972441320909704,-0.9439045430105872,279.4760600407505,267.32257887526515,273.3993194580078,0,,,,
2026-01-06,266.27524679504927,266.8237416838396,261.4084883511094,261.6478271484375,52352100,0.0,0.0,272.580549621582,271.32163124683734,29.89958835743809,-1.4806513961628411,-0.1383349735597919,-1.3423164226030493,280.16926860538024,264.9918306377838,272.580549621582,0,,,,
2026-01-07,262.485556491205,262.96423405428067,259.10474402829175,259.6233215332031,48309800,0.0,0.0,271.7049331665039,270.2075065122055,27.613972672380967,-2.200341061643769,-0.5507361911765873,-1.6496048704671815,280.8673565363466,262.5425097966612,271.7049331665039,0,,,,
2026-01-08,256.3222864925608,258.58614386359903,255.0058776573516,258.3368225097656,50419300,0.0,0.0,270.8003952026367,269.0769651786398,26.24120533704543,-2.8417520770766487,-1.0089393683565997,-1.832812708720049,281.38140842459944,260.219381980674,270.8003952026367,0,,,,
2026-01-09,258.3767027680543,259.5036402038468,255.52448097015204,258.6659240722656,39997000,0.0,0.0,269.83253021240233,268.0854374542232,27.237710534937406,-3.285644319771052,-1.46428035863949,-1.8213639611315615,281.1119813230336,258.55307910177106,269.83253021240233,0,,,,
2026-01-12,258.45648066308013,260.5906555331263,256.1028713590674,259.54351806640625,45263800,0.0,0.0,268.9459426879883,267.27192132205016,29.95533354177789,-3.525972404175434,-1.8766187677466788,-1.649353636428755,280.5293683896139,257.36251698636266,268.9459426879883,0,,,,
2026-01-13,258.01770778709204,261.0993163539261,257.68861696081353,260.34136962890625,45730800,0.0,0.0,268.08678283691404,266.611868779846,32.42633757100708,-3.610435338205377,-2.2233820818384187,-1.3870532563669586,279.5459410116861,256.62762466214195,268.08678283691404,0,,,,
2026-01-14,258.78557762508564,261.1092696408236,256.0131254420647,259.2543029785156,40019400,0.0,0.0,267.38120422363284,265.9111482273383,30.830468484943395,-3.722183006912872,-2.523142266853309,-1.1990407400595622,279.1858523809208,255.5765560663449,267.38120422363284,0,,,,
2026-01-15,259.94247342351326,260.3314293980394,256.352239344094,257.50909423828125,39388600,0.0,0.0,266.56343231201174,265.11095260933286,28.412838284204355,-3.9065354900851617,-2.79982091149968,-1.106714578585482,278.7190777741145,254.407786849909,266.56343231201174,0,,,,
2026-01-16,257.1998957308392,258.1971811198186,254.23795690818105,254.8363342285156,72142800,0.0,0.0,265.750146484375,264.1324175254455,25.158970628502946,-4.219663898020997,-3.0837895088039438,-1.1358743892170535,278.73086817543384,252.76942479331615,265.750146484375,0,,,,
2026-01-20,252.04394930256512,254.09835490933511,242.75922413209136,246.0303192138672,80267500,0.0,0.0,264.47910537719724,262.40840816243804,17.88968064823142,-5.11937921711052,-3.490907450465259,-1.6284717666452613,279.75362673282126,249.20458402157325,264.47910537719724,0,,,,
2026-01-21,248.0248902004532,250.87712721718017,244.51444112970407,246.9777374267578,54641700,0.0,0.0,263.18163604736327,260.9388204733256,20.5494443535344,-5.69036635648439,-3.930799231669085,-1.7595671248153044,279.721378131624,246.64189396310255,263.18163604736327,0,,,,
2026-01-22,248.52352576906395,250.31864258405668,247.47637302553755,247.67584228515625,39708300,0.0,0.0,262.05370635986327,259.67567969349994,22.54050098384748,-6.0171841965605495,-4.348076224647379,-1.6691079719131707,279.56403751606206,244.54337520366448,262.05370635986327,0,,,,
2026-01-23,246.6486371992728,248.73296007338791,244.0157890837153,247.36666870117188,41689000,0.0,0.0,260.8410064697265,258.5033929323258,22.274271235998757,-6.229329579997227,-4.724326895717349,-1.5050026842798785,278.884443028864,242.79756991058912,260.8410064697265,0,,,,
2026-01-26,250.7973501838168,255.86356228737432,249.121917868832,254.71669006347656,55969200,0.0,0.0,259.9235054016113,258.142754563864,40.3205841732458,-5.73822434917264,-4.927106386408408,-0.8111179627642322,277.23841943483484,242.60859136838783,259.9235054016113,0,,,,
2026-01-27,258.4664899667647,261.2389423700868,257.5090739976807,257.56890869140625,49648300,0.0,0.0,259.16905746459963,258.0881025760109,45.59906490085427,-5.060535011692593,-4.953792111465245,-0.1067429002273483,275.4848630251733,242.853251904026,259.16905746459963,0,,,,
2026-01-28,256.9505880888889,258.1572949521919,253.81911240916085,255.743881225586,41288000,0.0,0.0,258.30540771484374,257.86484339977994,42.97956907996882,-4.617498148983714,-4.886533318968938,0.2690351699852247,273.379089983046,243.2317254466415,258.30540771484374,0,,,,
2026-01-29,257.29964922744847,258.94516415300217,253.7193980705993,257.5788879394531,67253000,0.0,0.0,257.56741790771486,257.8376095464155,46.31873103016946,-4.071386132376404,-4.723503881650432,0.6521177492740282,271.19666507614807,243.93817073928167,257.56741790771486,0,,,,
2026-01-30,254.4773517832236,261.1890792690021,251.4954625126288,258.7756652832031,92443400,0.0,0.0,256.9501007080078,257.9269481880143,48.4394584087441,-3.5016536118022827,-4.479133827680802,0.9774802158785194,269.10652449062496,244.7936769253907,256.9501007080078,0,,,,
2026-02-02,259.3241194003358,269.7557160843994,258.50633807413067,269.27703857421875,73913400,0.0,0.0,256.9002349853516,259.00790917717666,62.45551029325774,-2.1776607065215785,-4.018839203448958,1.8411784969273797,268.8439459781299,244.95652399257324,256.9002349853516,0,,,,
2026-02-03,268.4692659190308,271.1419837262723,266.88355520832346,268.7485046386719,64394700,0.0,0.0,257.0109329223633,259.9355849354143,61.54865445544462,-1.1576899327809542,-3.4466093493153576,2.288919416534404,269.3444452180371,244.6774206266895,257.0109329223633,0,,,,
2026-02-04,271.5508302866565,278.19275421850585,271.5508302866565,275.7394104003906,90545700,0.0,0.0,257.7155120849609,261.4407111701739,68.13854687743017,0.2123046080678818,-2.71482655783871,2.927131165906592,272.411797822463,243.01922634745893,257.7155120849609,0,,,,
2026-02-05,277.37501624935936,278.7412924914769,272.48832346973,275.1610412597656,52977400,0.0,0.0,258.4923980712891,262.7474092739445,67.11375733569793,1.2371050193603423,-1.9244402423988995,3.1615452617592417,275.036519607198,241.94827653538016,258.4923980712891,0,,,,
2026-02-06,276.3677049075235,280.1474248180158,276.1782182606431,277.364990234375,50453400,0.0,0.0,259.44380645751954,264.1395598416046,69.02549086002391,2.201726855021434,-1.0992068229148326,3.300933677936267,277.91858255806085,240.96903035697824,259.44380645751954,0,,,,
2026-02-09,277.41494619870406,277.70443813431814,271.2160169672847,274.1307983398437,44623400,0.26,0.0,260.2170501708984,265.0911063652464,63.21782549678572,2.6743955853343664,-0.3444863412649929,3.0188819265993594,279.76049547906365,240.6736048627332,260.2170501708984,0,,,,
2026-02-10,274.4003102195724,274.87943562430115,272.4537718732244,273.19244384765625,34376900,0.0,0.0,260.8994964599609,265.8626623159521,61.59844949945017,2.93938815716757,0.3122885584215198,2.627099598746051,281.2382467135443,240.5607462063775,260.8994964599609,0,,,,
2026-02-11,274.2106536370846,279.6808719096702,273.9610989943363,275.0092163085937,51931300,0.0,0.0,261.63288879394526,266.7337626962037,63.54550152588872,3.2584338367450982,0.9015176140862357,2.356916222658863,282.8759545412644,240.38982304662613,261.63288879394526,0,,,,
2026-02-12,275.0990906441112,275.22886395053104,259.7165366668213,261.2637939453125,81077200,0.0,0.0,261.7333633422851,266.2128132913569,44.96838450818137,2.374764322115368,1.1961669556920622,1.1785973664233058,282.9494698161566,240.5172568684136,261.7333633422851,0,,,,
2026-02-13,261.5432690161623,261.7628783299504,254.9949421084194,255.3243560791016,56290700,0.0,0.0,261.6241264343261,265.1758173663803,39.583464619587325,1.1815665042648789,1.1932468654066255,-0.0116803611417468,282.9483293040633,240.29992356458888,261.6241264343261,0,,,,
2026-02-17,257.5903108294174,265.8156532326085,255.08478749757865,263.4099426269531,58469100,0.0,0.0,262.052806854248,265.00763881976815,48.60611765441518,0.8782638188343412,1.130250256092169,-0.2519864372578277,283.1575353222698,240.9480783862262,262.052806854248,0,,,,
2026-02-18,263.1304558468116,266.3447212846438,261.9825104325609,263.8791198730469,34203300,0.0,0.0,262.94524688720696,264.9001608248423,49.08130601139976,0.6680520499508589,1.037810614863907,-0.3697585649130481,282.7327891466821,243.15770462773185,262.94524688720696,0,,,,
2026-02-19,262.1322047157328,264.00886051677537,259.5867290635135,260.11578369140625,30845300,0.0,0.0,263.6021492004394,264.4445058597532,45.45119095580636,0.1955339367636384,0.8693552792438534,-0.673821342480215,282.05288487128365,245.1514135295951,263.6021492004394,0,,,,
2026-02-20,258.50868117461044,264.2783836675007,257.7001265171608,264.1086730957031,42070500,0.0,0.0,264.42379074096675,264.41252178698653,49.701840700240375,0.1416202229368082,0.7238082679824444,-0.5821880450456361,281.36637408620135,247.48120739573216,264.42379074096675,0,,,,
2026-02-23,263.0206001676805,268.95002088588865,262.91081074777924,265.705810546875,37308200,0.0,0.0,265.3407478332519,264.53569214507115,51.33535631710429,0.2251732042436174,0.6240812552346789,-0.3989080509910615,280.3683065729245,250.3131890935793,265.3407478332519,0,,,,
2026-02-24,267.38283777638213,274.4003442568012,267.233111068832,271.6552429199219,47014600,0.0,0.0,266.18767547607416,265.2137445998188,56.944742173871646,0.762667459194347,0.6517984960266126,0.1108689631677344,280.622315232106,251.75303572004228,266.18767547607416,0,,,,
2026-02-25,271.29586819299504,274.45024283739696,270.567157599074,273.74151611328125,33714300,0.0,0.0,266.99630584716795,266.0259133153867,58.74073098043885,1.3415161762563343,0.7897420320725569,0.5517741441837775,281.2194829210485,252.77312877328745,266.99630584716795,0,,,,
2026-02-26,274.4602128097023,275.61811956353745,270.3175813011377,272.4637756347656,32345100,0.0,0.0,267.83230056762693,266.6390430600894,57.16788669638857,1.6778141793576538,0.9673564615295764,0.7104577178280774,281.2546122383937,254.4099888968601,267.83230056762693,0,,,,
2026-02-27,272.3240124520744,272.3240124520744,262.4217010495403,263.7093811035156,72366500,0.0,0.0,268.1388252258301,266.3600276356538,47.736689521308186,1.2238188724073211,1.0186489437051254,0.2051699287021957,280.8728670036651,255.4047834479951,268.1388252258301,0,,,,
2026-03-02,261.94253069595567,266.0551862059976,259.73647625260065,264.2484130859375,41827900,0.0,0.0,268.4124626159668,266.15892148806176,48.30222472376633,0.8971775920849723,0.9943546733810948,-0.0971770812961225,280.55122774327384,256.2736974886597,268.4124626159668,0,,,,
2026-03-03,263.0106738027697,265.08695529305965,259.6666350681776,263.2801818847656,38568900,0.0,0.0,268.1126197814941,265.88475581155734,47.31188946062854,0.5537999963875109,0.906243737982378,-0.3524437415948671,280.44584963817164,255.7793899248166,268.1126197814941,0,,,,
2026-03-04,264.17854815272653,265.67587606267574,260.9543215497597,262.0523376464844,39803100,0.0,0.0,267.77781143188474,265.5197636053599,46.02322155953738,0.1805131659766061,0.7610976235812237,-0.5805844576046175,280.38434569688536,255.17127716688407,267.77781143188474,0,,,,
2026-03-05,260.3254337562426,261.09405110124777,256.79173142961054,259.8263244628906,49658600,0.0,0.0,266.98215713500974,264.97753130607714,43.69933621283355,-0.291578857292734,0.5505623274064322,-0.8421411846991662,279.4865667776377,254.47774749238184,266.98215713500974,0,,,,
2026-03-06,258.16927189629365,258.3090066542827,253.916851068475,257.0013427734375,41120000,0.0,0.0,266.07417221069335,264.2178943029686,40.87833380834448,-0.8834833538015232,0.2637531911648411,-1.1472365449663644,278.7077392437327,253.440605177654,266.07417221069335,0,,,,
2026-03-09,255.2345148744848,260.68477987096253,253.2280857512349,259.41705322265625,38218500,0.0,0.0,265.1767753601074,263.76067134293885,44.195821061388486,-1.1444517599171036,-0.0178877990515478,-1.1265639608655558,276.9984784465468,253.35507227366807,265.1767753601074,0,,,,
2026-03-10,257.19102845716964,262.01244158439727,256.4922936817907,260.3653564453125,30590800,0.0,0.0,264.48850326538087,263.4373080193554,45.48892773971076,-1.2602238807368735,-0.2663550153886129,-0.9938688653482606,275.73362820238407,253.24337832837764,264.48850326538087,0,,,,
2026-03-11,260.62486739620806,261.6630231774062,259.08760235948154,260.3453674316406,26218900,0.0,0.0,263.8461494445801,263.1428374871921,45.46501255335938,-1.338161573287607,-0.4807163269684117,-0.8574452463191953,274.48023425239643,253.21206463676376,263.8461494445801,0,,,,
2026-03-12,258.1992253881205,258.48871731031414,253.7271951166324,255.30438232421875,40794000,0.0,0.0,262.8609077453613,262.3963179478613,39.78446357212568,-1.7861040296012902,-0.7417938674949875,-1.044310162106303,272.8042723480459,252.91754314267672,262.8609077453613,0,,,,
2026-03-13,255.024890934378,255.87336762960533,249.0755164384504,249.6744384765625,36930000,0.0,0.0,262.2814399719238,261.1847103791662,34.58691920480848,-2.565813964365532,-1.1065978868690964,-1.4592160774964351,273.76158839768226,250.8012915461654,262.2814399719238,0,,,,
2026-03-16,251.66090222791988,253.43773019062647,249.4348789230203,252.36964416503903,32074200,0.0,0.0,262.1337043762207,260.34518026353504,38.71467260435901,-2.93245560802751,-1.4717694311007792,-1.460686176926731,274.03643686156266,250.23097189087872,262.1337043762207,0,,,,
2026-03-17,252.5093881906664,254.67552076289968,251.7307636559193,253.7771148681641,32361600,0.0,0.0,261.6520629882813,259.7196502258806,40.81502768278014,-3.0740152943165526,-1.792218603743934,-1.2817966905726186,274.0773552479432,249.22677072861933,261.6520629882813,0,,,,
2026-03-18,252.1799767808244,254.48585937367065,248.5564382882904,249.4947662353516,35757900,0.0,0.0,260.9328453063965,258.7458517505921,36.694400286758025,-3.491504223863444,-2.132075727767836,-1.359428496095608,274.38226194194,247.483428670853,260.9328453063965,0,,,,
2026-03-19,248.95572868612365,251.3814079598573,246.85947863088072,248.5165252685547,34864100,0.0,0.0,260.3528823852539,257.77163018087424,35.8051235418761,-3.856843784547948,-2.4770293391238587,-1.3798144454240893,274.85256729895866,245.8531974715492,260.3528823852539,0,,,,
2026-03-20,247.53824109812177,248.75606899357115,245.56177255944445,247.54823303222656,88331100,0.0,0.0,259.5248603820801,256.79797330957445,34.90344704844459,-4.176368532887665,-2.81689717787662,-1.3594713550110449,274.9348894892691,244.11483127489103,259.5248603820801,0,,,,
2026-03-23,253.51758537106093,254.1464679788293,249.83415620831627,251.04200744628903,40546100,0.0,0.0,258.7916702270508,256.24978608449965,40.70563858384688,-4.1004088407740085,-3.0735995104560976,-1.0268093303179109,274.3502580700653,243.2330823840362,258.7916702270508,0,,,,
2026-03-24,249.9040313986812,254.3760464402864,249.10545347620703,251.1917266845703,45152300,0.0,0.0,257.7684944152832,255.76806614164923,40.94854116648887,-3.982224540585378,-3.255324516481953,-0.7269000241034242,272.47698273279826,243.06000609776817,257.7684944152832,0,,,,
2026-03-25,253.6473574345128,254.5457480998694,251.15181088451408,252.16998291015625,28476700,0.0,0.0,256.68991775512694,255.4253915481737,42.60304317204343,-3.76621099348958,-3.357501811883479,-0.4087091816061003,269.6099603216514,243.76987518860247,256.68991775512694,0,,,,
2026-03-26,251.67088153367663,256.5421934269488,250.32329549316128,252.43951416015625,41796700,0.0,0.0,255.68870468139647,255.14102227312443,43.07627199685336,-3.5325487586596296,-3.392511201238709,-0.14003755742092,266.49463162485614,244.8827777379368,255.68870468139647,0,,,,
2026-03-27,253.4477020992108,255.03488128462607,247.6281009352486,248.35679626464844,47900000,0.0,0.0,254.92107543945312,254.4949055104124,37.9695449464092,-3.6349099878942175,-3.440990958569812,-0.1939190293244066,265.51806391013145,244.3240869687748,254.92107543945312,0,,,,
2026-03-30,249.62453299565456,250.4230956915925,245.07264337813007,246.190658569336,39446200,0.0,0.0,254.01818771362304,253.7040248493575,35.56076565180477,-3.846481365548641,-3.5220890399655778,-0.3243923255830632,264.35644336420404,243.6799320630421,254.01818771362304,0,,,,
2026-03-31,247.46837564153284,255.02488248828536,246.65982101631488,253.337890625,49598100,0.0,0.0,253.5210731506348,253.6691549232282,47.41469914727332,-3.398258305247112,-3.4973228930218845,0.0990645877747731,262.945864499112,244.0962818021576,253.5210731506348,0,,,,
2026-04-01,253.62737973002484,255.7236296181179,252.8787157917901,255.17462158203125,40059400,0.0,0.0,253.1771873474121,253.8125327002571,49.96213486214577,-2.861839953108131,-3.370226305039134,0.5083863519310032,261.7994847143013,244.55488998052292,253.1771873474121,0,,,,
2026-04-02,253.7471740568136,255.6737439434535,250.2034948550392,255.464111328125,31289400,0.0,0.0,252.95907669067384,253.9698259029112,50.3702225768464,-2.3858624045574857,-3.173353524942805,0.7874911203853192,261.1050893491073,244.8130640322404,252.95907669067384,0,,,,
2026-04-06,256.053045051996,261.6929736576745,256.003115847535,258.3988342285156,29329900,0.0,0.0,253.02895126342773,254.3916362196354,54.42785599352592,-1.7516472573193198,-2.889012271418108,1.1373650140987883,261.33486492810164,244.72303759875385,253.02895126342773,0,,,,
2026-04-07,255.7036812801697,255.7436185540334,245.2623079794448,253.0484161376953,62148000,0.0,0.0,252.71051940917968,254.26371049754587,46.89944251401624,-1.66160723459339,-2.6435312640531645,0.9819240294597744,260.4836212912975,244.9374175270619,252.71051940917968,0,,,,
2026-04-08,257.98960165960847,259.2872736156141,256.0730086009651,258.43878173828125,41032800,0.0,0.0,252.6141906738281,254.66133632999689,53.82846173549451,-1.1421266875722722,-2.343250348756986,1.2011236611847136,260.0456971039549,245.18268424370132,252.6141906738281,0,,,,
2026-04-09,258.5386040524215,260.6548225010532,255.6138310165902,260.02593994140625,28121600,0.0,0.0,252.5982192993164,255.1722509596549,55.66299551369523,-0.5954996594566069,-1.99370021089691,1.398200551440303,259.9642802623265,245.2321583363063,252.5982192993164,0,,,,
2026-04-10,259.5168819122501,261.7229364827484,258.5585701252562,260.0159912109375,31291500,0.0,0.0,252.83379974365235,255.63355955501515,55.64806985162569,-0.1612379303497846,-1.627207754787485,1.4659698244377004,260.8073100051912,244.86028948211356,252.83379974365235,0,,,,
2026-04-13,259.2673359057164,259.71651601158027,256.2027973984465,258.73828125,36234700,0.0,0.0,253.28699188232423,255.9292473354899,53.65807736621392,0.0789075064579947,-1.2859847025383893,1.364892208996384,261.5169129682893,245.0570707963592,253.28699188232423,0,,,,
2026-04-14,258.7881616833941,261.4633801130582,256.73183388682423,258.368896484375,48370700,0.0,0.0,253.58695449829105,256.1615948734789,53.06725175779761,0.2366898188762434,-0.9814497982554627,1.2181396171317065,262.0939243646588,245.0799846319232,253.58695449829105,0,,,,
2026-04-15,257.7001261657452,266.08515659729386,257.35074355126085,265.95538330078125,49913500,0.0,0.0,254.19586791992188,257.0943366284601,62.25875997080094,0.96280095135171,-0.5925996483340283,1.5554005996857383,264.2692887938019,244.12244704604183,254.19586791992188,0,,,,
2026-04-16,266.3246925362851,266.6840670491935,260.804545264895,262.9307556152344,43323100,0.0,0.0,254.867667388916,257.65018605577194,57.4296934205272,1.2794385081324435,-0.218192017040734,1.4976305251731774,265.37995216418585,244.35538261364616,254.867667388916,0,,,,
2026-04-17,266.4844323486072,271.8149160854778,266.24486962975914,269.7486267089844,61436200,0.0,0.0,255.9292724609375,258.802418498935,64.17511470442851,2.0568116269562893,0.2368087117586707,1.8200029151976187,267.85492962065433,244.0036153012207,255.9292724609375,0,,,,
2026-04-20,269.84841238867654,273.7913879220191,269.80850557942483,272.5635681152344,36590200,0.0,0.0,257.1800392150879,260.1130041766778,66.53300845681669,2.8669789219526933,0.7628427537974753,2.104136168155218,270.49376231569903,243.8663161144768,257.1800392150879,0,,,,
2026-04-21,271.0163536236942,272.3140256362382,264.9272139873882,265.69586181640625,50209800,0.0,0.0,257.91273193359376,260.644704904271,56.72384208543723,2.921202038958427,1.1945146108296658,1.726687428128761,271.40630923678543,244.4191546304021,257.91273193359376,0,,,,
2026-04-22,267.3429346055621,273.2523721409737,266.39461467279705,272.68341064453125,43249200,0.0,0.0,258.9873161315918,261.7912483081053,62.74258130266024,3.4878057888394665,1.653172846431626,1.8346329424078405,273.5495244547731,244.4251078084105,258.9873161315918,0,,,,
2026-04-23,274.56001085217736,275.2787294551341,271.1660737405759,272.9429016113281,33399600,0.0,0.0,260.0259620666504,262.8533105274599,62.948664586912976,3.912679165284601,2.105074110202221,1.80760505508238,275.43372752761536,244.6181966056854,260.0259620666504,0,,,,
2026-04-24,272.2741016414235,272.5735550213531,269.16962610782736,270.5771179199219,38157100,0.0,0.0,260.9328422546387,263.58891123150386,59.70611737799607,4.012244745062105,2.486508237174198,1.525736507887907,276.5809747118701,245.28470979740723,260.9328422546387,0,,,,
2026-04-27,265.6159889280984,267.88193422863776,264.59781690250213,267.1332702636719,41466800,0.0,0.0,261.87166595458984,263.9264692345675,55.24497438107845,3.769805488889858,2.7431676875173303,1.026637801372528,276.6160263880326,247.12730552114704,261.87166595458984,0,,,,
2026-04-28,271.8548539018017,272.7432830913257,268.181416710472,270.2277526855469,40018900,0.0,0.0,263.0735206604004,264.5265914679941,58.26270445115542,3.783752755014064,2.951284701016677,0.8324680539973865,276.35525188127434,249.79178943952644,263.0735206604004,0,,,,
2026-04-29,267.07336249706583,270.5571659728108,266.56429174844374,269.688720703125,30047900,0.0,0.0,263.8910621643066,265.01822282372086,57.5349555480267,3.7085607084507615,3.102739902503494,0.6058208059472676,276.67881269616004,251.10331163245323,263.8910621643066,0,,,,
2026-04-30,270.018146234023,275.50834883767226,267.6623648300734,270.8666381835937,91848200,0.0,0.0,264.6756629943848,265.57521476275633,58.74757741029608,3.701351687979013,3.222462259598598,0.4788894283804152,277.1496613385399,252.20166465022965,264.6756629943848,0,,,,
2026-05-01,278.36321169794013,286.7083346607987,277.87409435408995,279.6409606933594,79915400,0.0,0.0,265.8845054626465,266.91480961328995,66.43619714722882,4.353468904194926,3.448663588517864,0.9048053156770628,279.2103046680017,252.5587062572912,265.8845054626465,0,,,,
2026-05-04,279.16182884121525,280.13010214166496,274.3703610857382,276.3368530273437,46668400,0.0,0.0,266.7814064025879,267.81214708129505,61.76761467735136,4.551199229534404,3.669170716721172,0.8820285128132324,280.382967284881,253.1798455202948,266.7814064025879,0,,,,
2026-05-05,276.43668191704,284.0630869835518,276.00745521106614,283.6737670898437,49311700,0.0,0.0,268.3126739501953,269.32277755829966,67.26803928168943,5.239531526685994,3.9832428787141367,1.2562886479718571,282.2760081802368,254.34933972015375,268.3126739501953,0,,,,
2026-05-06,281.4177950537395,287.5168959460148,280.5693031693742,286.9978332519531,58336100,0.0,0.0,269.7406265258789,271.00611619579047,69.4149543545715,5.984281122552147,4.383450527481739,1.6008305950704085,285.14019777738326,254.34105527437453,269.7406265258789,0,,,,
2026-05-07,288.7546745760609,291.60959552514373,285.2709015174152,286.9279479980469,45224300,0.0,0.0,271.0857269287109,272.5224811293387,69.31202198195821,6.4940025677476,4.805560935534912,1.6884416322126885,287.52091451954755,254.6505393378743,271.0857269287109,0,,,,
2026-05-08,289.49338424193445,294.2349225642168,289.48339230776435,292.7974853515625,52692800,0.0,0.0,272.7248016357422,274.45343391240766,72.94121627512652,7.28757645109863,5.301964038647656,1.9856124124509744,290.86705641719806,254.5825468542864,272.7248016357422,0,,,,
2026-05-11,291.72841688276577,293.6267735875138,289.979924827367,292.42779541015625,42247300,0.27,0.0,274.40927734375,276.1652778645742,72.36076795433561,7.796782131320185,5.800927657182163,1.9958544741380224,293.28541617420336,255.53313851329656,274.40927734375,0,,,,
2026-05-12,292.3078994315659,295.0155556946294,292.3078994315659,294.54595947265625,45748100,0.0,0.0,276.21813049316404,277.9158189701058,73.65438447249953,8.275850585125397,6.29591224277081,1.979938342354587,295.52769413637816,256.9085668499499,276.21813049316404,0,,,,
2026-05-13,293.24708951115105,300.6607090744109,293.24708951115105,298.6124572753906,52684300,0.0,0.0,277.8509841918945,279.88692738013293,75.97882997093147,8.881270416841858,6.81298387758502,2.068286539256838,298.8612383956015,256.8407299881876,277.8509841918945,0,,,,
2026-05-14,299.5616620172475,300.1911240450107,295.12548538387824,297.9530334472656,35324900,0.0,0.0,279.6020980834961,281.60750891033604,74.82592924001297,9.201787524725605,7.290744607013137,1.911042917712466,301.17664361650947,258.0275525504828,279.6020980834961,0,,,,
2026-05-15,297.643304079477,302.93875555297063,296.26448829773227,299.9713134765625,54862800,0.0,0.0,281.113232421875,283.3564426785481,76.02503835498872,9.509043636946217,7.734404412999753,1.7746392239464637,303.91432262654985,258.3121422172002,281.113232421875,0,,,,
2026-05-18,299.98126929450746,300.4009207908792,294.6558756451712,297.5833435058594,34483000,0.0,0.0,282.3642211914063,284.7113856144825,71.67488674937118,9.450912859547884,8.07770610230938,1.3732067572385045,305.8857726450893,258.84266973772327,282.3642211914063,0,,,,
2026-05-19,296.7140952726279,300.2510533099592,296.09463441963413,298.7123718261719,42243600,0.0,0.0,284.0150466918945,286.0448128727386,72.47676400749643,9.387731029764495,8.339711087800403,1.0480199419640923,307.25828330903926,260.77181007474985,284.0150466918945,0,,,,
2026-05-20,297.9230626302997,302.5390768782648,297.82314269813475,301.98956298828125,38229800,0.0,0.0,285.48035430908203,287.56336050279026,74.71440799325248,9.492675261187742,8.570303922477871,0.9223713387098708,309.3674846286592,261.59322398950485,285.48035430908203,0,,,,
2026-05-21,300.80056674721834,305.27671719779084,300.1411318265125,304.7271728515625,42965100,0.0,0.0,287.06956787109374,289.1980092979114,76.43771763551892,9.685102722066688,8.793263682395635,0.8918390396710532,311.62853887342783,262.51059686875965,287.06956787109374,0,,,,
2026-05-22,305.85620846339293,311.13165741506583,305.5764509618376,308.55389404296875,43670200,0.0,0.0,288.9684066772461,291.0414268926788,78.63017476538916,10.03075894489524,9.040762734895557,0.9899962099996832,314.0011007907452,263.935712563747,288.9684066772461,0,,,,
2026-05-26,309.2932516306072,311.5513139598484,307.4048960873393,308.0643005371094,48000500,0.0,0.0,291.014958190918,292.6626529540532,77.63485187236344,10.14820568943719,9.262251325803884,0.8859543636333065,315.2524968078881,266.77741957394784,291.014958190918,0,,,,
2026-05-27,308.0643052358437,312.9900803339556,308.0343323058515,310.5821533203125,50430900,0.0,0.0,293.0326782226563,294.3692720365541,79.10005949884399,10.325427655024043,9.474886591647916,0.8505410633761272,316.7250175796101,269.34033886570245,293.0326782226563,0,,,,
2026-05-28,310.412282475935,312.5304508120942,309.30325358892543,312.24072265625,48220400,0.0,0.0,295.1602783203125,296.0713149527156,80.02823851095769,10.478915607509862,9.675692394820306,0.8032232126895558,317.6996203506542,272.6209362899708,295.1602783203125,0,,,,
2026-05-29,311.5113496628706,314.7285763294451,309.2632884033746,311.7911071777344,70026800,0.0,0.0,297.20650177001954,297.56843802176496,79.00393718538467,10.443885097837835,9.829330935423812,0.6145541624140236,317.9080601899719,276.5049433500672,297.20650177001954,0,,,,
2026-06-01,309.363197507879,310.6720662449624,304.7571540774977,306.0460510253906,48849900,0.0,0.0,298.5267562866211,298.375829736396,67.17305141092609,9.839125830553542,9.83128991444976,0.007835916103783,317.90458156720234,279.14893100603985,298.5267562866211,0,,,,
2026-06-02,307.1950545511415,315.1781903378333,306.42572903356995,314.92840576171875,44534700,0.0,0.0,300.45633392333986,299.9522655483314,73.72450841824596,9.961748710302288,9.857381673620266,0.1043670366820226,318.23079574219145,282.68187210448826,300.45633392333986,0,,,,
2026-06-03,313.9092501546009,316.6668815001487,308.5838566628498,309.9926452636719,50836700,0.0,0.0,301.77227783203125,300.90849218788765,65.85889710407469,9.550560685072584,9.796017475910729,-0.2454567908381459,318.23016336931465,285.31439229474785,301.77227783203125,0,,,,
2026-06-04,312.96009909963743,313.26982953176514,309.3831669286496,310.9618225097656,44869100,0.0,0.0,302.97047729492186,301.8659522185427,66.61215348510675,9.19687981103317,9.676189942935215,-0.4793101319020465,318.4091291885846,287.53182540125914,302.97047729492186,0,,,,
2026-06-05,312.5903972939029,314.8984348439246,306.8853260765596,307.0751647949219,65310500,0.0,0.0,303.97783813476565,302.3620677020074,60.81720597564332,8.504924894735154,9.441936933295205,-0.9370120385600504,317.622984212892,290.3326920566393,303.97783813476565,0,,,,
2026-06-08,308.4739595974908,317.1265012321255,300.9105055796523,301.2801818847656,77949100,0.0,0.0,304.40197296142577,302.2590309575082,53.36306885638461,7.403594914549217,9.034268529546008,-1.630673614996791,317.1269822842483,291.67696363860324,304.40197296142577,0,,,,
2026-06-09,300.0212482417878,300.4908444635933,287.5320194610898,290.29962158203125,70108800,0.0,0.0,304.29556427001955,301.1200395884151,42.68675996816105,5.580415961028109,8.343498015842428,-2.763082054814319,317.4477370299558,291.1433915100833,304.29556427001955,0,,,,
2026-06-10,290.4894628291428,294.4960172141002,287.1323727394638,291.3287353515625,52793300,0.0,0.0,304.1347030639648,300.1875344230006,43.82118673420991,4.1704994638328685,7.508898305440517,-3.338398841607648,317.82750828042464,290.441897847505,304.1347030639648,0,,,,
2026-06-11,293.4668864344149,296.7440586571729,289.3404406054596,295.375244140625,42572500,0.0,0.0,303.9728424072265,299.7292210627744,48.16569443203456,3.341135394059961,6.675345723164406,-3.3342103291044447,317.99549207207804,289.95019274237507,303.9728424072265,0,,,,
2026-06-12,295.7749221682621,296.88398158337014,289.3704417369658,290.879150390625,38742100,0.0,0.0,303.61914825439453,298.8863571892363,44.08616659126682,2.2946103633939288,5.799198651210311,-3.5045882878163823,318.55821246706887,288.6800840417202,303.61914825439453,0,,,,
2026-06-15,293.8665449684006,297.5233947188816,291.4486474146935,296.1645812988281,45732600,0.0,0.0,303.42881164550784,298.6271404377689,49.50099412922855,1.8701637552542247,5.013391672019094,-3.143227916764869,318.6433935141432,288.21422977687246,303.42881164550784,0,,,,
2026-06-16,294.99559499590845,300.2210994929347,293.71669913987887,298.9821472167969,39874400,0.0,0.0,303.4987518310547,298.66095060720016,52.160670607661366,1.7410708021023424,4.358927498035744,-2.6178566959334013,318.6177663582378,288.37973730387154,303.4987518310547,0,,,,
2026-06-17,300.59074812548096,301.8096980081642,294.10632015937927,295.6949768066406,42745100,0.0,0.0,303.34788208007814,298.3784769119088,48.92328514228417,1.3578639166049695,3.758714781749589,-2.400850865144619,318.71314965868675,287.9826145014695,303.34788208007814,0,,,,
2026-06-18,297.8530937792582,300.31099586682666,295.3652492546472,297.7532043457031,85962200,0.0,0.0,303.13606414794924,298.3189271436987,50.9750348902165,1.2063454605240054,3.2482409175044724,-2.041895456980467,318.68608209186266,287.5860462040358,303.13606414794924,0,,,,
2026-06-22,297.05381866220307,302.1594314563154,296.5043047694293,296.75408935546875,44879900,0.0,0.0,302.7374099731445,298.1698949733911,49.92660299769752,0.994185412116792,2.7974298164269364,-1.8032444043101443,318.51102568168454,286.9637942646045,302.7374099731445,0,,,,
2026-06-23,297.2836155142734,301.3800886038737,293.9264950024863,294.04638671875,52010900,0.0,0.0,302.0120346069336,297.77717990152047,47.09933091028911,0.6006343329470951,2.3580707197309683,-1.7574363867838732,317.9820926684391,286.04197654542804,302.0120346069336,0,,,,
2026-06-24,295.1054570720635,299.4417438827621,292.68755959702736,292.8274230957031,53081900,0.0,0.0,301.2501907348633,297.3057744914426,45.84080465258552,0.1882124937767457,1.924099074540124,-1.735886580763378,317.44483686532084,285.0555446044057,301.2501907348633,0,,,,
2026-06-25,287.1523472601469,288.55113481081804,273.5141152813601,274.91290283203125,107013700,0.0,0.0,299.4667282104492,295.1731200476892,32.21626465187991,-1.5661334410658585,1.2260525714189274,-2.7921860124847857,318.7243773572914,280.209079063607,299.4667282104492,0,,,,
2026-06-26,274.7630284991681,285.70360492137456,273.9737007161028,283.53546142578125,261775500,0.0,0.0,298.0314651489258,294.06477160750745,41.26489813427831,-2.2349338903321154,0.5338552790687188,-2.768789169400834,317.5441070995269,278.5188231983247,298.0314651489258,0,,,,
2026-06-29,286.4829438934296,288.12151489662153,279.6088673150861,281.4972229003906,66427000,0.0,0.0,296.5167709350586,292.86786220682967,39.90868346971591,-2.896048040468372,-0.1521253848386994,-2.7439226556296727,316.22404586693904,276.8094960031782,296.5167709350586,0,,,,
2026-06-30,280.9277417485351,289.69017405322865,280.45814550695326,289.11065673828125,65100200,0.0,0.0,295.6700012207031,292.510033114587,46.92555286191568,-2.773672119285095,-0.6764347317279786,-2.0972373875571164,315.12038114334894,276.2196212980573,295.6700012207031,0,,,,
2026-07-01,293.1871503157195,296.33442991747245,288.95081360688545,294.1263427734375,50164200,0.0,0.0,294.62989807128906,292.6639673678108,50.9861071363044,-2.2460730429690443,-0.990362393976192,-1.2557106489928525,311.958757470478,277.3010386721001,294.62989807128906,0,,,,
2026-07-02,293.866538367699,309.15337194761725,293.4269150966668,308.3640441894531,75352800,0.0,0.0,294.5484680175781,294.1592127793958,60.27662984171766,-0.6713446161678576,-0.926558838414525,0.2552142222466674,311.60089888012294,277.49603715503326,294.5484680175781,0,,,,
2026-07-06,307.0951430290638,313.9292760509671,306.7354678654279,312.3905944824219,53590000,0.0,0.0,294.6199066162109,295.89553484635064,62.444684831284086,0.8912739138552865,-0.5629922879605628,1.4542662018158494,311.95638949621366,277.2834237362082,294.6199066162109,0,,,,
2026-07-07,315.0183186077797,315.2081573213481,309.88273318392555,310.3923034667969,42490000,0.0,0.0,294.7857635498047,297.27617947686934,60.67480853923944,1.9459828929533955,-0.0611972517777711,2.0071801447311666,312.65111027976627,276.9204168198431,294.7857635498047,0,,,,
2026-07-08,311.6412289475945,314.5487250421545,306.7854009831778,313.1199645996094,41323500,0.0,0.0,295.37775268554685,298.78511139332073,62.24772940616229,2.967736594944654,0.5445895175667138,2.42314707737794,314.78295562082786,275.97254975026584,295.37775268554685,0,,,,
2026-07-09,310.24243869469103,316.2572401947346,307.8944576262147,315.947509765625,48124500,0.0,0.0,296.66014709472654,300.41962552401634,63.86138679145726,3.959994675617679,1.2276705491769069,2.7323241264407723,317.860365429509,275.4599287599441,296.66014709472654,0,,,,
2026-07-10,314.4488202226986,316.6369356310425,311.9010296470402,315.0483093261719,34132300,0.0,0.0,297.846125793457,301.812833505174,62.94003209118154,4.620545619144593,1.906245563170444,2.714300055974149,320.3353051329091,275.3569464540049,297.846125793457,0,,,,
2026-07-13,316.7468014245228,323.171283634363,315.5078797345754,317.0365600585937,43257800,0.0,0.0,298.92919158935547,303.26271222454733,64.17093366106789,5.244022392652084,2.5738009290667723,2.670221463585312,322.8771468990997,274.9812362796112,298.92919158935547,0,,,,
2026-07-14,313.48965629761443,315.91755515351207,311.64124426456783,314.58868408203125,36336800,0.0,0.0,300.11466827392576,304.3413762109744,61.46421230585581,5.477468249632693,3.1545343931799565,2.3229338564527366,324.6903971950433,275.5389393528082,300.11466827392576,0,,,,
2026-07-15,317.34631234952286,328.44675508114506,317.0465830462295,327.2178039550781,60957600,0.0,0.0,301.6673294067383,306.5200836151747,68.78061899179424,6.605397292699536,3.844706973083873,2.760690319615663,328.8356709269506,274.498987886526,301.6673294067383,0,,,,
2026-07-16,327.72736328456057,334.3915986652446,326.50841333986017,332.97283935546875,62970600,0.0,0.0,303.3668640136719,309.0393936856789,71.44151756346704,7.872918343649758,4.65034924719705,3.222569096452708,333.7169885503128,273.01673947703097,303.3668640136719,0,,,,
2026-07-17,331.693929977533,334.7013154010385,328.7164869908464,333.452392578125,63407100,0.0,0.0,305.2547348022461,311.3644411992452,71.65828976273052,8.814525482883653,5.48318449433437,3.3313409885492824,338.0591563040686,272.4503133004236,305.2547348022461,0,,,,
2026-07-20,333.2226134619852,333.4224228207836,323.4010672140761,326.3085632324219,53468000,0.0,0.0,306.68250274658203,312.78769091669056,63.87954992758439,8.881923316724396,6.1629322588123765,2.71899105791202,340.5258792231263,272.8391262700377,306.68250274658203,0,,,,
2026-07-21,322.85156758462244,329.3159936819017,321.94234806189104,327.45758056640625,41338900,0.0,0.0,308.2176773071289,314.18482326428256,64.5461817088896,8.925168890487498,6.715379585147401,2.209789305340097,342.8955258678268,273.539828746431,308.2176773071289,0,,,,
2026-07-22,327.58746619388995,328.7164973399543,323.0613709608057,325.60919189453125,38755900,0.0,0.0,309.795817565918,315.2728583719253,62.54638220213067,8.709889615303496,7.114281591178621,1.595608024124875,344.6228032901199,274.968831841716,309.795817565918,0,,,,
2026-07-23,321.4527900194849,323.0214140443725,319.0748358849152,321.3828430175781,40840800,0.0,0.0,311.22358856201174,315.8547616715113,58.112898014362266,8.104820875441646,7.312389448031227,0.7924314274104196,345.48772964490985,276.95944747911363,311.22358856201174,0,,,,
2026-07-24,321.5127284115298,334.0818750563203,321.3428614810286,332.7330322265625,47489400,0.0,0.0,314.1145950317383,317.4622160100876,65.23907677312059,8.4438297383698,7.538677506098941,0.9051522322708588,345.2503902557592,282.9787998077174,314.1145950317383,0,,,,
2026-07-27,334.2517370375488,339.277401491225,333.73216560461384,336.61968994140625,49604300,0.0,0.0,316.7688064575196,319.28673733687987,67.29117977414671,8.923255762208498,7.815593157320853,1.1076626048876452,346.01838026674994,287.5192326482891,316.7688064575196,0,,,,
2026-07-28,339.73698155301014,342.59453283396704,335.31080637618777,339.78692626953125,51859000,0.0,0.0,319.6832916259765,321.2391362828467,68.9022895278837,9.44984194652278,8.14244291516124,1.3073990313615411,345.7353648533326,293.6312183986205,319.6832916259765,0,,,,
2026-07-29,339.43727163464206,344.2730974331505,337.0593175600121,337.8985900878906,56090800,0.0,0.0,322.12268829345703,322.8257509309461,66.78999164383376,9.60408245881456,8.434770823891904,1.169311634922655,345.23826991829026,299.0071066686238,322.12268829345703,19,0.1603421052631579,0.10231578947368421,0.7373315789473684,-0.05802631578947369
2026-07-30,332.8129674612056,334.4615395264105,329.30598233808786,333.1426696777344,74817800,0.0,0.0,324.07350463867186,323.80831462111644,61.662743884606,9.236088269528466,8.595034313019218,0.6410539565092481,343.73657412565694,304.4104351516868,324.07350463867186,59,0.0746135593220339,0.18325762711864407,0.742128813559322,0.10864406779661018
2026-07-31,304.5473560391476,310.4222943774597,299.7415030462749,308.6438293457031,132489100,0.0,0.0,324.0874938964844,322.36407792822,43.2459511437624,6.8881957212987,8.253666594675115,-1.365470873376415,343.70618562811734,304.4688021648514,324.0874938964844,166,0.15234638554216867,0.24538132530120482,0.6022740963855422,0.09303493975903615
2026-08-03,309.313234694189,311.5313230344714,302.29929450581176,303.1585693359375,75052000,0.0,0.0,323.62589263916016,320.53498187181214,40.34077938466639,4.5326102115499225,7.509455318050077,-2.9768451065001544,344.7038728044763,302.547912473844,323.62589263916016,49,0.14993061224489798,0.15656122448979592,0.6935040816326531,0.006630612244897943
2026-08-04,302.46913991298527,310.1525156602479,301.0603512911937,309.1134033203125,68001000,0.0,0.0,323.56194763183595,319.44721248595505,44.68513474204909,3.1104418227618,6.629652618992422,-3.519210796230622,344.8072243954597,302.3166708682122,323.56194763183595,30,0.15501666666666666,0.13503666666666667,0.70994,-0.019979999999999998
2026-08-05,309.09342362565195,311.4414048335362,305.406631186344,310.7320251464844,49438800,0.0,0.0,323.4425506591797,318.61719464410066,45.83962389219536,2.0898815291009214,5.721698401014122,-3.631816871913201,344.94648384549737,301.938617472862,323.4425506591797,36,0.08322222222222223,0.10441111111111111,0.8123777777777778,0.021188888888888882
2026-08-06,314.06913775687,316.0174696892129,308.96355554648414,312.14080810546875,46139900,0.0,0.0,323.25221557617186,318.0003959261357,46.87882370772125,1.378862486304456,4.853131218072189,-3.474268731767733,345.08304199335504,301.4213891589887,323.25221557617186,38,0.07659736842105262,0.24256315789473684,0.6808315789473685,0.16596578947368423
2026-08-07,311.1816431226555,314.53873325457766,310.47223295908327,313.0599975585937,34437200,0.0,0.0,323.15279998779295,317.5298817958937,47.58549027244175,0.8794084064561503,4.058386655748981,-3.1789782492928307,345.1496382672399,301.155961708346,323.15279998779295,104,0.05106923076923077,0.24486634615384617,0.7040596153846154,0.19379711538461541
2026-08-10,306.8299865722656,308.260009765625,304.6099853515625,308.260009765625,44812500,0.27,0.0,322.7139724731445,316.64703684063,44.27334781924726,0.0951714725893566,3.2657436191170564,-3.1705721465277,345.5167788330574,299.9111661132316,322.7139724731445,59,0.1647372881355932,0.1870915254237288,0.6481661016949152,0.022354237288135598
2026-08-11,307.75,309.9700012207031,302.7900085449219,304.9100036621094,37401700,0.0,0.0,322.23003845214845,315.5292241569614,42.07234149352604,-0.7875807029153634,2.455078754710573,-3.242659457625936,346.0884417545089,298.371635149788,322.23003845214845,56,0.2112214285714286,0.1469,0.641875,-0.06432142857142858
2026-08-12,305.1300048828125,305.6600036621094,302.17999267578125,303.7049865722656,5817203,0.0,0.0,321.0543975830078,314.40310629175224,41.277420856106936,-1.5663470959858614,1.6507935845712858,-3.217140680557147,346.10144992082456,296.00734524519106,321.0543975830078,31,0.07191290322580644,0.0333,0.8947935483870968,-0.03861290322580644
